{
  "language_pair": "twi-eng",
  "timestamp": "2026-03-21T07:59:08.308325",
  "models": {
    "gemini-2.5-flash": 72.59228515625,
    "googletrans": 81.027587890625,
    "claude-opus-4-6": 70.92913818359375,
    "nllb-200-distilled-1.3B-ct2-int8": 49.065025329589844,
    "gemini-3.1-flash-lite-preview": 72.71682739257812,
    "gemini-2.5-pro": 75.7581787109375,
    "gemini-3.1-pro-preview": 86.31591796875,
    "claude-sonnet-4-6": 67.11758422851562
  },
  "average_score": 71.94031810760498,
  "best_model": "gemini-3.1-pro-preview",
  "best_score": 86.31591796875
}