{
  "language_pair": "ewe-eng",
  "timestamp": "2026-03-21T07:59:08.193848",
  "models": {
    "claude-sonnet-4-6": 41.989073753356934,
    "claude-opus-4-6": 54.32433223724365,
    "gemini-2.5-flash": 75.046630859375,
    "googletrans": 80.45866966247559,
    "nllb-200-distilled-1.3B-ct2-int8": 54.80746459960938,
    "gemini-2.5-pro": 75.58206176757812,
    "gemini-3.1-pro-preview": 78.59431457519531,
    "gemini-3.1-flash-lite-preview": 72.55322265625
  },
  "average_score": 66.6694712638855,
  "best_model": "googletrans",
  "best_score": 80.45866966247559
}