Language,Average Score (%)
twi-eng,71.94031810760498
ewe-eng,66.6694712638855
